index,time_s (s),T_raw (deg C),T_filtered (deg C),N_win,|DeltaT| (deg C),"State (0=N,1=W,2=D)",Relay,LED_Red,LED_Green
0,0.0,20.0659,20.0,8,0.0,0,0,0,1
1,0.2,20.1465,20.0,8,0.0806,0,0,0,1
2,0.4,20.1465,20.0,8,0.0,0,0,0,1
3,0.6,20.1465,20.0,8,0.0,0,0,0,1
4,0.8,20.1465,20.0,8,0.0,0,0,0,1
5,1.0,20.1465,20.0,8,0.0,0,0,0,1
6,1.2,20.1465,20.0,8,0.0,0,0,0,1
7,1.4,20.1465,20.0,8,0.0,0,0,0,1
8,1.6,20.1465,20.0,8,0.0,0,0,0,1
9,1.8,20.1465,20.0,8,0.0,0,0,0,1
10,2.0,20.1465,20.0,8,0.0,0,0,0,1
11,2.2,20.1465,20.0,8,0.0,0,0,0,1
12,2.4,20.1465,20.0,8,0.0,0,0,0,1
13,2.6,20.1465,20.0,8,0.0,0,0,0,1
14,2.8,20.1465,20.0,8,0.0,0,0,0,1
15,3.0,20.1465,20.0,8,0.0,0,0,0,1
16,3.2,20.1465,20.0,8,0.0,0,0,0,1
17,3.4,20.1465,20.0,8,0.0,0,0,0,1
18,3.6,20.1465,20.0,8,0.0,0,0,0,1
19,3.8,20.1465,20.0,8,0.0,0,0,0,1
20,4.0,20.1465,20.0,8,0.0,0,0,0,1
21,4.2,20.1465,20.0,8,0.0,0,0,0,1
22,4.4,20.1465,20.0,8,0.0,0,0,0,1
23,4.6,20.1465,20.0,8,0.0,0,0,0,1
24,4.8,20.1465,20.0,8,0.0,0,0,0,1
25,5.0,20.1465,20.0,8,0.0,0,0,0,1
26,5.2,20.1465,20.0,8,0.0,0,0,0,1
27,5.4,20.1465,20.0,8,0.0,0,0,0,1
28,5.6,20.1465,20.0,8,0.0,0,0,0,1
29,5.8,20.1465,20.0,8,0.0,0,0,0,1
30,6.0,20.1465,20.0,8,0.0,0,0,0,1
31,6.2,20.1465,20.0,8,0.0,0,0,0,1
32,6.4,20.1465,20.0,8,0.0,0,0,0,1
33,6.6,20.1465,20.0,8,0.0,0,0,0,1
34,6.8,20.1465,20.0,8,0.0,0,0,0,1
35,7.0,20.1465,20.0,8,0.0,0,0,0,1
36,7.2,20.1465,20.0,8,0.0,0,0,0,1
37,7.4,20.1465,20.0,8,0.0,0,0,0,1
38,7.6,20.1465,20.0,8,0.0,0,0,0,1
39,7.8,20.1465,20.0,8,0.0,0,0,0,1
40,8.0,20.1465,20.0,8,0.0,0,0,0,1
41,8.2,20.1465,20.0,8,0.0,0,0,0,1
42,8.4,20.1465,20.0,8,0.0,0,0,0,1
43,8.6,20.1465,20.0,8,0.0,0,0,0,1
44,8.8,20.1465,20.0,8,0.0,0,0,0,1
45,9.0,20.1465,20.0,8,0.0,0,0,0,1
46,9.2,20.1465,20.0,8,0.0,0,0,0,1
47,9.4,20.1465,20.0,8,0.0,0,0,0,1
48,9.6,20.1465,20.0,8,0.0,0,0,0,1
49,9.8,20.1465,20.0,8,0.0,0,0,0,1
50,10.0,20.1465,20.0,8,0.0,0,0,0,1
51,10.2,20.1465,20.0,8,0.0,0,0,0,1
52,10.4,20.1465,20.0,8,0.0,0,0,0,1
53,10.6,20.1465,20.0,8,0.0,0,0,0,1
54,10.8,20.1465,20.0,8,0.0,0,0,0,1
55,11.0,20.1465,20.0,8,0.0,0,0,0,1
56,11.2,20.1465,20.0,8,0.0,0,0,0,1
57,11.4,20.1465,20.0,8,0.0,0,0,0,1
58,11.6,20.1465,20.0,8,0.0,0,0,0,1
59,11.8,20.1465,20.0,8,0.0,0,0,0,1
60,12.0,20.1465,20.0,8,0.0,0,0,0,1
61,12.2,20.1465,20.0,8,0.0,0,0,0,1
62,12.4,20.1465,20.0,8,0.0,0,0,0,1
63,12.6,20.1465,20.0,8,0.0,0,0,0,1
64,12.8,20.1465,20.0,8,0.0,0,0,0,1
65,13.0,20.1465,20.0,8,0.0,0,0,0,1
66,13.2,20.1465,20.0,8,0.0,0,0,0,1
67,13.4,20.1465,20.0,8,0.0,0,0,0,1
68,13.6,20.1465,20.0,8,0.0,0,0,0,1
69,13.8,20.1465,20.0,8,0.0,0,0,0,1
70,14.0,20.1465,20.0,8,0.0,0,0,0,1
71,14.2,20.1465,20.0,8,0.0,0,0,0,1
72,14.4,20.1465,20.0,8,0.0,0,0,0,1
73,14.6,20.1465,20.0,8,0.0,0,0,0,1
74,14.8,20.1465,20.0,8,0.0,0,0,0,1
75,15.0,20.1465,20.0,8,0.0,0,0,0,1
76,15.2,20.1465,20.0,8,0.0,0,0,0,1
77,15.4,20.1465,20.0,8,0.0,0,0,0,1
78,15.6,20.1465,20.0,8,0.0,0,0,0,1
79,15.8,20.1465,20.0,8,0.0,0,0,0,1
80,16.0,20.1465,20.0,8,0.0,0,0,0,1
81,16.2,20.1465,20.0,8,0.0,0,0,0,1
82,16.4,20.1465,20.0,8,0.0,0,0,0,1
83,16.6,20.1465,20.0,8,0.0,0,0,0,1
84,16.8,20.1465,20.0,8,0.0,0,0,0,1
85,17.0,20.1465,20.0,8,0.0,0,0,0,1
86,17.2,20.1465,20.0,8,0.0,0,0,0,1
87,17.4,20.1465,20.0,8,0.0,0,0,0,1
88,17.6,20.1465,20.0,8,0.0,0,0,0,1
89,17.8,20.1465,20.0,8,0.0,0,0,0,1
90,18.0,20.1465,20.0,8,0.0,0,0,0,1
91,18.2,20.1465,20.0,8,0.0,0,0,0,1
92,18.4,20.1465,20.0,8,0.0,0,0,0,1
93,18.6,20.1465,20.0,8,0.0,0,0,0,1
94,18.8,20.1465,20.0,8,0.0,0,0,0,1
95,19.0,20.1465,20.0,8,0.0,0,0,0,1
96,19.2,20.1465,20.0,8,0.0,0,0,0,1
97,19.4,20.1465,20.0,8,0.0,0,0,0,1
98,19.6,20.1465,20.0,8,0.0,0,0,0,1
99,19.8,20.1465,20.0,8,0.0,0,0,0,1
100,20.0,20.1465,20.0,8,0.0,0,0,0,1
101,20.2,20.7912,21.0,8,0.6447,0,0,0,1
102,20.4,25.5458,26.0,8,4.7546,0,0,0,1
103,20.6,25.2234,25.0,8,0.3223,0,0,0,1
104,20.8,25.1429,25.0,8,0.0806,0,0,0,1
105,21.0,25.1429,25.0,8,0.0,0,0,0,1
106,21.2,25.1429,25.0,8,0.0,0,0,0,1
107,21.4,25.1429,25.0,8,0.0,0,0,0,1
108,21.6,25.1429,25.0,8,0.0,0,0,0,1
109,21.8,25.1429,25.0,8,0.0,0,0,0,1
110,22.0,25.1429,25.0,8,0.0,0,0,0,1
111,22.2,25.1429,25.0,8,0.0,0,0,0,1
112,22.4,25.1429,25.0,8,0.0,0,0,0,1
113,22.6,25.1429,25.0,8,0.0,0,0,0,1
114,22.8,25.1429,25.0,8,0.0,0,0,0,1
115,23.0,25.1429,25.0,8,0.0,0,0,0,1
116,23.2,25.1429,25.0,8,0.0,0,0,0,1
117,23.4,25.1429,25.0,8,0.0,0,0,0,1
118,23.6,25.1429,25.0,8,0.0,0,0,0,1
119,23.8,25.1429,25.0,8,0.0,0,0,0,1
120,24.0,25.1429,25.0,8,0.0,0,0,0,1
121,24.2,25.1429,25.0,8,0.0,0,0,0,1
122,24.4,25.1429,25.0,8,0.0,0,0,0,1
123,24.6,25.1429,25.0,8,0.0,0,0,0,1
124,24.8,25.1429,25.0,8,0.0,0,0,0,1
125,25.0,25.1429,25.0,8,0.0,0,0,0,1
126,25.2,25.1429,25.0,8,0.0,0,0,0,1
127,25.4,25.1429,25.0,8,0.0,0,0,0,1
128,25.6,25.1429,25.0,8,0.0,0,0,0,1
129,25.8,25.1429,25.0,8,0.0,0,0,0,1
130,26.0,25.1429,25.0,8,0.0,0,0,0,1
131,26.2,25.1429,25.0,8,0.0,0,0,0,1
132,26.4,25.1429,25.0,8,0.0,0,0,0,1
133,26.6,25.1429,25.0,8,0.0,0,0,0,1
134,26.8,25.1429,25.0,8,0.0,0,0,0,1
135,27.0,25.1429,25.0,8,0.0,0,0,0,1
136,27.2,25.1429,25.0,8,0.0,0,0,0,1
137,27.4,25.1429,25.0,8,0.0,0,0,0,1
138,27.6,25.1429,25.0,8,0.0,0,0,0,1
139,27.8,25.1429,25.0,8,0.0,0,0,0,1
140,28.0,25.1429,25.0,8,0.0,0,0,0,1
141,28.2,25.1429,25.0,8,0.0,0,0,0,1
142,28.4,25.1429,25.0,8,0.0,0,0,0,1
143,28.6,25.1429,25.0,8,0.0,0,0,0,1
144,28.8,25.1429,25.0,8,0.0,0,0,0,1
145,29.0,25.1429,25.0,8,0.0,0,0,0,1
146,29.2,25.1429,25.0,8,0.0,0,0,0,1
147,29.4,25.1429,25.0,8,0.0,0,0,0,1
148,29.6,25.1429,25.0,8,0.0,0,0,0,1
149,29.8,25.1429,25.0,8,0.0,0,0,0,1
150,30.0,25.1429,25.0,8,0.0,0,0,0,1
151,30.2,25.1429,25.0,8,0.0,0,0,0,1
152,30.4,25.1429,25.0,8,0.0,0,0,0,1
153,30.6,25.1429,25.0,8,0.0,0,0,0,1
154,30.8,25.1429,25.0,8,0.0,0,0,0,1
155,31.0,25.1429,25.0,8,0.0,0,0,0,1
156,31.2,25.1429,25.0,8,0.0,0,0,0,1
157,31.4,25.1429,25.0,8,0.0,0,0,0,1
158,31.6,25.1429,25.0,8,0.0,0,0,0,1
159,31.8,25.1429,25.0,8,0.0,0,0,0,1
160,32.0,25.1429,25.0,8,0.0,0,0,0,1
161,32.2,25.1429,25.0,8,0.0,0,0,0,1
162,32.4,25.1429,25.0,8,0.0,0,0,0,1
163,32.6,25.1429,25.0,8,0.0,0,0,0,1
164,32.8,25.1429,25.0,8,0.0,0,0,0,1
165,33.0,25.1429,25.0,8,0.0,0,0,0,1
166,33.2,25.1429,25.0,8,0.0,0,0,0,1
167,33.4,25.1429,25.0,8,0.0,0,0,0,1
168,33.6,25.1429,25.0,8,0.0,0,0,0,1
169,33.8,25.1429,25.0,8,0.0,0,0,0,1
170,34.0,25.1429,25.0,8,0.0,0,0,0,1
171,34.2,25.1429,25.0,8,0.0,0,0,0,1
172,34.4,25.1429,25.0,8,0.0,0,0,0,1
173,34.6,25.1429,25.0,8,0.0,0,0,0,1
174,34.8,25.1429,25.0,8,0.0,0,0,0,1
175,35.0,25.1429,25.0,8,0.0,0,0,0,1
176,35.2,25.1429,25.0,8,0.0,0,0,0,1
177,35.4,25.1429,25.0,8,0.0,0,0,0,1
178,35.6,25.1429,25.0,8,0.0,0,0,0,1
179,35.8,25.1429,25.0,8,0.0,0,0,0,1
180,36.0,25.1429,25.0,8,0.0,0,0,0,1
181,36.2,25.1429,25.0,8,0.0,0,0,0,1
182,36.4,25.1429,25.0,8,0.0,0,0,0,1
183,36.6,25.1429,25.0,8,0.0,0,0,0,1
184,36.8,25.1429,25.0,8,0.0,0,0,0,1
185,37.0,25.1429,25.0,8,0.0,0,0,0,1
186,37.2,25.1429,25.0,8,0.0,0,0,0,1
187,37.4,25.1429,25.0,8,0.0,0,0,0,1
188,37.6,25.1429,25.0,8,0.0,0,0,0,1
189,37.8,25.1429,25.0,8,0.0,0,0,0,1
190,38.0,25.1429,25.0,8,0.0,0,0,0,1
191,38.2,25.1429,25.0,8,0.0,0,0,0,1
192,38.4,25.1429,25.0,8,0.0,0,0,0,1
193,38.6,25.1429,25.0,8,0.0,0,0,0,1
194,38.8,25.1429,25.0,8,0.0,0,0,0,1
195,39.0,25.1429,25.0,8,0.0,0,0,0,1
196,39.2,25.1429,25.0,8,0.0,0,0,0,1
197,39.4,25.1429,25.0,8,0.0,0,0,0,1
198,39.6,25.1429,25.0,8,0.0,0,0,0,1
199,39.8,25.1429,25.0,8,0.0,0,0,0,1
200,40.0,25.1429,25.0,8,0.0,0,0,0,1
201,40.2,25.1429,25.0,8,0.0,0,0,0,1
202,40.4,25.1429,25.0,8,0.0,0,0,0,1
203,40.6,25.1429,25.0,8,0.0,0,0,0,1
204,40.8,25.1429,25.0,8,0.0,0,0,0,1
205,41.0,25.1429,25.0,8,0.0,0,0,0,1
206,41.2,25.1429,25.0,8,0.0,0,0,0,1
207,41.4,25.1429,25.0,8,0.0,0,0,0,1
208,41.6,25.1429,25.0,8,0.0,0,0,0,1
209,41.8,25.1429,25.0,8,0.0,0,0,0,1
210,42.0,25.1429,25.0,8,0.0,0,0,0,1
211,42.2,25.1429,25.0,8,0.0,0,0,0,1
212,42.4,25.1429,25.0,8,0.0,0,0,0,1
213,42.6,25.1429,25.0,8,0.0,0,0,0,1
214,42.8,25.1429,25.0,8,0.0,0,0,0,1
215,43.0,25.1429,25.0,8,0.0,0,0,0,1
216,43.2,25.1429,25.0,8,0.0,0,0,0,1
217,43.4,25.1429,25.0,8,0.0,0,0,0,1
218,43.6,25.1429,25.0,8,0.0,0,0,0,1
219,43.8,25.1429,25.0,8,0.0,0,0,0,1
220,44.0,25.1429,25.0,8,0.0,0,0,0,1
221,44.2,25.1429,25.0,8,0.0,0,0,0,1
222,44.4,25.1429,25.0,8,0.0,0,0,0,1
223,44.6,25.1429,25.0,8,0.0,0,0,0,1
224,44.8,25.1429,25.0,8,0.0,0,0,0,1
225,45.0,25.1429,25.0,8,0.0,0,0,0,1
226,45.2,25.1429,25.0,8,0.0,0,0,0,1
227,45.4,25.1429,25.0,8,0.0,0,0,0,1
228,45.6,25.1429,25.0,8,0.0,0,0,0,1
229,45.8,25.1429,25.0,8,0.0,0,0,0,1
230,46.0,25.1429,25.0,8,0.0,0,0,0,1
231,46.2,25.1429,25.0,8,0.0,0,0,0,1
232,46.4,25.1429,25.0,8,0.0,0,0,0,1
233,46.6,25.1429,25.0,8,0.0,0,0,0,1
234,46.8,25.1429,25.0,8,0.0,0,0,0,1
235,47.0,25.1429,25.0,8,0.0,0,0,0,1
236,47.2,25.1429,25.0,8,0.0,0,0,0,1
237,47.4,25.1429,25.0,8,0.0,0,0,0,1
238,47.6,25.1429,25.0,8,0.0,0,0,0,1
239,47.8,25.1429,25.0,8,0.0,0,0,0,1
240,48.0,25.1429,25.0,8,0.0,0,0,0,1
241,48.2,25.1429,25.0,8,0.0,0,0,0,1
242,48.4,25.1429,25.0,8,0.0,0,0,0,1
243,48.6,25.1429,25.0,8,0.0,0,0,0,1
244,48.8,25.1429,25.0,8,0.0,0,0,0,1
245,49.0,25.1429,25.0,8,0.0,0,0,0,1
246,49.2,25.1429,25.0,8,0.0,0,0,0,1
247,49.4,25.1429,25.0,8,0.0,0,0,0,1
248,49.6,25.1429,25.0,8,0.0,0,0,0,1
249,49.8,25.1429,25.0,8,0.0,0,0,0,1
250,50.0,25.1429,25.0,8,0.0,0,0,0,1
251,50.2,25.1429,25.0,8,0.0,0,0,0,1
252,50.4,25.1429,25.0,8,0.0,0,0,0,1
253,50.6,25.1429,25.0,8,0.0,0,0,0,1
254,50.8,28.1245,28.0,8,2.9817,0,0,0,1
255,51.0,30.1392,30.0,8,2.0147,1,0,1,0
256,51.2,30.2198,30.0,8,0.0806,1,0,1,0
257,51.4,30.2198,30.0,8,0.0,1,0,1,0
258,51.6,30.2198,30.0,8,0.0,1,0,1,0
259,51.8,30.2198,30.0,8,0.0,1,0,1,0
260,52.0,30.2198,30.0,8,0.0,1,0,1,0
261,52.2,30.2198,30.0,8,0.0,1,0,1,0
262,52.4,30.2198,30.0,8,0.0,1,0,1,0
263,52.6,30.2198,30.0,8,0.0,1,0,1,0
264,52.8,30.2198,30.0,8,0.0,1,0,1,0
265,53.0,30.2198,30.0,8,0.0,1,0,1,0
266,53.2,30.2198,30.0,8,0.0,1,0,1,0
267,53.4,30.2198,30.0,8,0.0,1,0,1,0
268,53.6,30.2198,30.0,8,0.0,1,0,1,0
269,53.8,30.2198,30.0,8,0.0,1,0,1,0
270,54.0,30.2198,30.0,8,0.0,1,0,1,0
271,54.2,30.2198,30.0,8,0.0,1,0,1,0
272,54.4,30.2198,30.0,8,0.0,1,0,1,0
273,54.6,30.2198,30.0,8,0.0,1,0,1,0
274,54.8,30.2198,30.0,8,0.0,1,0,1,0
275,55.0,30.2198,30.0,8,0.0,1,0,1,0
276,55.2,30.2198,30.0,8,0.0,1,0,1,0
277,55.4,30.2198,30.0,8,0.0,1,0,1,0
278,55.6,30.2198,30.0,8,0.0,1,0,1,0
279,55.8,30.2198,30.0,8,0.0,1,0,1,0
280,56.0,30.2198,30.0,8,0.0,1,0,1,0
281,56.2,30.2198,30.0,8,0.0,1,0,1,0
282,56.4,30.2198,30.0,8,0.0,1,0,1,0
283,56.6,30.2198,30.0,8,0.0,1,0,1,0
284,56.8,30.2198,30.0,8,0.0,1,0,1,0
285,57.0,30.2198,30.0,8,0.0,1,0,1,0
286,57.2,30.2198,30.0,8,0.0,1,0,1,0
287,57.4,30.2198,30.0,8,0.0,1,0,1,0
288,57.6,30.2198,30.0,8,0.0,1,0,1,0
289,57.8,30.2198,30.0,8,0.0,1,0,1,0
290,58.0,30.2198,30.0,8,0.0,1,0,1,0
291,58.2,30.2198,30.0,8,0.0,1,0,1,0
292,58.4,30.2198,30.0,8,0.0,1,0,1,0
293,58.6,30.2198,30.0,8,0.0,1,0,1,0
294,58.8,30.2198,30.0,8,0.0,1,0,1,0
295,59.0,30.2198,30.0,8,0.0,1,0,1,0
296,59.2,30.2198,30.0,8,0.0,1,0,1,0
297,59.4,30.2198,30.0,8,0.0,1,0,1,0
298,59.6,30.2198,30.0,8,0.0,1,0,1,0
299,59.8,30.2198,30.0,8,0.0,1,0,1,0
300,60.0,30.2198,30.0,8,0.0,1,0,1,0
301,60.2,30.2198,30.0,8,0.0,1,0,1,0
302,60.4,30.2198,30.0,8,0.0,1,0,1,0
303,60.6,30.2198,30.0,8,0.0,1,0,1,0
304,60.8,30.2198,30.0,8,0.0,1,0,1,0
305,61.0,30.2198,30.0,8,0.0,1,0,1,0
306,61.2,30.2198,30.0,8,0.0,1,0,1,0
307,61.4,30.2198,30.0,8,0.0,1,0,1,0
308,61.6,30.2198,30.0,8,0.0,1,0,1,0
309,61.8,30.2198,30.0,8,0.0,1,0,1,0
310,62.0,30.2198,30.0,8,0.0,1,0,1,0
311,62.2,30.2198,30.0,8,0.0,1,0,1,0
312,62.4,30.2198,30.0,8,0.0,1,0,1,0
313,62.6,30.2198,30.0,8,0.0,1,0,1,0
314,62.8,30.2198,30.0,8,0.0,1,0,1,0
315,63.0,30.2198,30.0,8,0.0,1,0,1,0
316,63.2,30.2198,30.0,8,0.0,1,0,1,0
317,63.4,30.2198,30.0,8,0.0,1,0,1,0
318,63.6,30.2198,30.0,8,0.0,1,0,1,0
319,63.8,30.2198,30.0,8,0.0,1,0,1,0
320,64.0,30.2198,30.0,8,0.0,1,0,1,0
321,64.2,30.2198,30.0,8,0.0,1,0,1,0
322,64.4,30.2198,30.0,8,0.0,1,0,1,0
323,64.6,30.2198,30.0,8,0.0,1,0,1,0
324,64.8,30.2198,30.0,8,0.0,1,0,1,0
325,65.0,31.1062,31.0,8,0.8864,1,0,1,0
326,65.2,32.1538,32.0,8,1.0476,1,0,1,0
327,65.4,33.685,34.0,8,1.5311,1,0,1,0
328,65.6,35.1355,35.0,8,1.4505,1,0,1,0
329,65.8,35.2161,35.0,8,0.0806,1,0,1,0
330,66.0,35.2161,35.0,8,0.0,1,0,1,0
331,66.2,35.2161,35.0,8,0.0,1,0,1,0
332,66.4,35.2161,35.0,8,0.0,1,0,1,0
333,66.6,35.2161,35.0,8,0.0,1,0,1,0
334,66.8,35.2161,35.0,8,0.0,1,0,1,0
335,67.0,35.2161,35.0,8,0.0,1,0,1,0
336,67.2,35.2161,35.0,8,0.0,1,0,1,0
337,67.4,35.2161,35.0,8,0.0,1,0,1,0
338,67.6,35.2161,35.0,8,0.0,1,0,1,0
339,67.8,35.2161,35.0,8,0.0,1,0,1,0
340,68.0,35.2161,35.0,8,0.0,1,0,1,0
341,68.2,35.2161,35.0,8,0.0,1,0,1,0
342,68.4,35.2161,35.0,8,0.0,1,0,1,0
343,68.6,35.2161,35.0,8,0.0,1,0,1,0
344,68.8,35.2161,35.0,8,0.0,1,0,1,0
345,69.0,35.2161,35.0,8,0.0,1,0,1,0
346,69.2,35.2161,35.0,8,0.0,1,0,1,0
347,69.4,35.2161,35.0,8,0.0,1,0,1,0
348,69.6,35.2161,35.0,8,0.0,1,0,1,0
349,69.8,35.2161,35.0,8,0.0,1,0,1,0
350,70.0,35.2161,35.0,8,0.0,1,0,1,0
351,70.2,35.2161,35.0,8,0.0,1,0,1,0
352,70.4,35.2161,35.0,8,0.0,1,0,1,0
353,70.6,35.2161,35.0,8,0.0,1,0,1,0
354,70.8,35.2161,35.0,8,0.0,1,0,1,0
355,71.0,35.2161,35.0,8,0.0,1,0,1,0
356,71.2,35.2161,35.0,8,0.0,1,0,1,0
357,71.4,35.2161,35.0,8,0.0,1,0,1,0
358,71.6,35.2161,35.0,8,0.0,1,0,1,0
359,71.8,35.2161,35.0,8,0.0,1,0,1,0
360,72.0,35.2161,35.0,8,0.0,1,0,1,0
361,72.2,35.2161,35.0,8,0.0,1,0,1,0
362,72.4,35.2161,35.0,8,0.0,1,0,1,0
363,72.6,35.2161,35.0,8,0.0,1,0,1,0
364,72.8,35.2161,35.0,8,0.0,1,0,1,0
365,73.0,35.2161,35.0,8,0.0,1,0,1,0
366,73.2,35.2161,35.0,8,0.0,1,0,1,0
367,73.4,35.2161,35.0,8,0.0,1,0,1,0
368,73.6,35.2161,35.0,8,0.0,1,0,1,0
369,73.8,35.2161,35.0,8,0.0,1,0,1,0
370,74.0,35.2161,35.0,8,0.0,1,0,1,0
371,74.2,35.2161,35.0,8,0.0,1,0,1,0
372,74.4,35.2161,35.0,8,0.0,1,0,1,0
373,74.6,35.2161,35.0,8,0.0,1,0,1,0
374,74.8,35.2161,35.0,8,0.0,1,0,1,0
375,75.0,35.2161,35.0,8,0.0,1,0,1,0
376,75.2,35.2161,35.0,8,0.0,1,0,1,0
377,75.4,35.2161,35.0,8,0.0,1,0,1,0
378,75.6,35.2161,35.0,8,0.0,1,0,1,0
379,75.8,35.2161,35.0,8,0.0,1,0,1,0
380,76.0,35.2161,35.0,8,0.0,1,0,1,0
381,76.2,35.2161,35.0,8,0.0,1,0,1,0
382,76.4,35.2161,35.0,8,0.0,1,0,1,0
383,76.6,35.2161,35.0,8,0.0,1,0,1,0
384,76.8,35.2161,35.0,8,0.0,1,0,1,0
385,77.0,35.2161,35.0,8,0.0,1,0,1,0
386,77.2,35.2161,35.0,8,0.0,1,0,1,0
387,77.4,35.2161,35.0,8,0.0,1,0,1,0
388,77.6,35.2161,35.0,8,0.0,1,0,1,0
389,77.8,35.2161,35.0,8,0.0,1,0,1,0
390,78.0,35.2161,35.0,8,0.0,1,0,1,0
391,78.2,35.2161,35.0,8,0.0,1,0,1,0
392,78.4,35.2161,35.0,8,0.0,1,0,1,0
393,78.6,35.2161,35.0,8,0.0,1,0,1,0
394,78.8,35.2161,35.0,8,0.0,1,0,1,0
395,79.0,35.2161,35.0,8,0.0,1,0,1,0
396,79.2,35.2161,35.0,8,0.0,1,0,1,0
397,79.4,35.2161,35.0,8,0.0,1,0,1,0
398,79.6,35.2161,35.0,8,0.0,1,0,1,0
399,79.8,35.2161,35.0,8,0.0,1,0,1,0
400,80.0,35.2161,35.0,8,0.0,1,0,1,0
401,80.2,35.2161,35.0,8,0.0,1,0,1,0
402,80.4,35.2161,35.0,8,0.0,1,0,1,0
403,80.6,35.2161,35.0,8,0.0,1,0,1,0
404,80.8,35.2161,35.0,8,0.0,1,0,1,0
405,81.0,35.2161,35.0,8,0.0,1,0,1,0
406,81.2,35.2161,35.0,8,0.0,1,0,1,0
407,81.4,35.2161,35.0,8,0.0,1,0,1,0
408,81.6,35.2161,35.0,8,0.0,1,0,1,0
409,81.8,35.2161,35.0,8,0.0,1,0,1,0
410,82.0,35.2161,35.0,8,0.0,1,0,1,0
411,82.2,35.2161,35.0,8,0.0,1,0,1,0
412,82.4,35.2161,35.0,8,0.0,1,0,1,0
413,82.6,35.2161,35.0,8,0.0,1,0,1,0
414,82.8,35.2161,35.0,8,0.0,1,0,1,0
415,83.0,35.2161,35.0,8,0.0,1,0,1,0
416,83.2,35.2161,35.0,8,0.0,1,0,1,0
417,83.4,35.2161,35.0,8,0.0,1,0,1,0
418,83.6,35.2161,35.0,8,0.0,1,0,1,0
419,83.8,35.2161,35.0,8,0.0,1,0,1,0
420,84.0,35.2161,35.0,8,0.0,1,0,1,0
421,84.2,35.2161,35.0,8,0.0,1,0,1,0
422,84.4,35.2161,35.0,8,0.0,1,0,1,0
423,84.6,35.2161,35.0,8,0.0,1,0,1,0
424,84.8,35.2161,35.0,8,0.0,1,0,1,0
425,85.0,35.2161,35.0,8,0.0,1,0,1,0
426,85.2,35.2161,35.0,8,0.0,1,0,1,0
427,85.4,35.2161,35.0,8,0.0,1,0,1,0
428,85.6,35.2161,35.0,8,0.0,1,0,1,0
429,85.8,35.2161,35.0,8,0.0,1,0,1,0
430,86.0,35.2161,35.0,8,0.0,1,0,1,0
431,86.2,35.2161,35.0,8,0.0,1,0,1,0
432,86.4,35.2967,35.0,8,0.0806,1,0,1,0
433,86.6,38.1172,38.0,8,2.8205,1,0,1,0
434,86.8,40.1319,40.0,8,2.0147,2,1,1,0
435,87.0,40.2125,40.0,8,0.0806,2,1,1,0
436,87.2,40.2125,40.0,8,0.0,2,1,1,0
437,87.4,40.2125,40.0,8,0.0,2,1,1,0
438,87.6,40.2125,40.0,8,0.0,2,1,1,0
439,87.8,40.2125,40.0,8,0.0,2,1,1,0
440,88.0,40.2125,40.0,8,0.0,2,1,1,0
441,88.2,40.2125,40.0,8,0.0,2,1,1,0
442,88.4,40.2125,40.0,8,0.0,2,1,1,0
443,88.6,40.2125,40.0,8,0.0,2,1,1,0
444,88.8,40.2125,40.0,8,0.0,2,1,1,0
445,89.0,40.2125,40.0,8,0.0,2,1,1,0
446,89.2,40.2125,40.0,8,0.0,2,1,1,0
447,89.4,40.2125,40.0,8,0.0,2,1,1,0
448,89.6,40.2125,40.0,8,0.0,2,1,1,0
449,89.8,40.2125,40.0,8,0.0,2,1,1,0
450,90.0,40.2125,40.0,8,0.0,2,1,1,0
451,90.2,40.2125,40.0,8,0.0,2,1,1,0
452,90.4,40.2125,40.0,8,0.0,2,1,1,0
453,90.6,40.2125,40.0,8,0.0,2,1,1,0
454,90.8,40.2125,40.0,8,0.0,2,1,1,0
455,91.0,40.2125,40.0,8,0.0,2,1,1,0
456,91.2,40.2125,40.0,8,0.0,2,1,1,0
457,91.4,40.2125,40.0,8,0.0,2,1,1,0
458,91.6,40.2125,40.0,8,0.0,2,1,1,0
459,91.8,40.2125,40.0,8,0.0,2,1,1,0
460,92.0,40.2125,40.0,8,0.0,2,1,1,0
461,92.2,40.2125,40.0,8,0.0,2,1,1,0
462,92.4,40.2125,40.0,8,0.0,2,1,1,0
463,92.6,40.2125,40.0,8,0.0,2,1,1,0
464,92.8,40.2125,40.0,8,0.0,2,1,1,0
465,93.0,40.2125,40.0,8,0.0,2,1,1,0
466,93.2,40.2125,40.0,8,0.0,2,1,1,0
467,93.4,40.2125,40.0,8,0.0,2,1,1,0
468,93.6,40.2125,40.0,8,0.0,2,1,1,0
469,93.8,40.2125,40.0,8,0.0,2,1,1,0
470,94.0,40.2125,40.0,8,0.0,2,1,1,0
471,94.2,40.2125,40.0,8,0.0,2,1,1,0
472,94.4,40.2125,40.0,8,0.0,2,1,1,0
473,94.6,40.2125,40.0,8,0.0,2,1,1,0
474,94.8,40.2125,40.0,8,0.0,2,1,1,0
475,95.0,40.2125,40.0,8,0.0,2,1,1,0
476,95.2,40.2125,40.0,8,0.0,2,1,1,0
477,95.4,40.2125,40.0,8,0.0,2,1,1,0
478,95.6,40.2125,40.0,8,0.0,2,1,1,0
479,95.8,40.2125,40.0,8,0.0,2,1,1,0
480,96.0,40.2125,40.0,8,0.0,2,1,1,0
481,96.2,40.2125,40.0,8,0.0,2,1,1,0
482,96.4,40.2125,40.0,8,0.0,2,1,1,0
483,96.6,40.2125,40.0,8,0.0,2,1,1,0
484,96.8,40.2125,40.0,8,0.0,2,1,1,0
485,97.0,40.2125,40.0,8,0.0,2,1,1,0
486,97.2,40.2125,40.0,8,0.0,2,1,1,0
487,97.4,40.2125,40.0,8,0.0,2,1,1,0
488,97.6,40.2125,40.0,8,0.0,2,1,1,0
489,97.8,40.2125,40.0,8,0.0,2,1,1,0
490,98.0,40.2125,40.0,8,0.0,2,1,1,0
491,98.2,40.2125,40.0,8,0.0,2,1,1,0
492,98.4,40.2125,40.0,8,0.0,2,1,1,0
493,98.6,40.2125,40.0,8,0.0,2,1,1,0
494,98.8,40.2125,40.0,8,0.0,2,1,1,0
495,99.0,40.2125,40.0,8,0.0,2,1,1,0
496,99.2,40.2125,40.0,8,0.0,2,1,1,0
497,99.4,40.2125,40.0,8,0.0,2,1,1,0
498,99.6,40.2125,40.0,8,0.0,2,1,1,0
499,99.8,40.2125,40.0,8,0.0,2,1,1,0
500,100.0,40.2125,40.0,8,0.0,2,1,1,0
501,100.2,40.2125,40.0,8,0.0,2,1,1,0
502,100.4,40.2125,40.0,8,0.0,2,1,1,0
503,100.6,40.2125,40.0,8,0.0,2,1,1,0
504,100.8,40.2125,40.0,8,0.0,2,1,1,0
505,101.0,40.2125,40.0,8,0.0,2,1,1,0
506,101.2,40.2125,40.0,8,0.0,2,1,1,0
507,101.4,40.2125,40.0,8,0.0,2,1,1,0
508,101.6,40.2125,40.0,8,0.0,2,1,1,0
509,101.8,40.2125,40.0,8,0.0,2,1,1,0
510,102.0,40.2125,40.0,8,0.0,2,1,1,0
511,102.2,40.2125,40.0,8,0.0,2,1,1,0
512,102.4,40.2125,40.0,8,0.0,2,1,1,0
